ID,Name,Job Role,Past Job Role,Career Growth,JoinedYear,Tenure,Education,Age,Maritial Status,Basic Salary,Total Salary,Promotions,Recidency,Training,Gender,Working Hours,Experience,Performance Rating,No.of Leaves,Participation of Activities,Health Status,churn
E001,KEBHXXTXE,Production Supervisor,Production Supervisor,FALSE,1999,16,Yes,24,0,50000,60000,FALSE,Gampaha,FALSE,1,10,FALSE,4,17,TRUE,5,
E002,USNBSQ,Machine oparator,Iron,TRUE,1996,19,No,31,0,20000,24000,TRUE,Gampaha,FALSE,0,9,FALSE,5,15,TRUE,4,
E003,ECCHYJOTGKA,Production Assistent,Mechanics,TRUE,2003,12,No,35,1,45000,54000,FALSE,Jaffna,TRUE,0,8,TRUE,4,15,TRUE,2,
E004,TALVI,Production Assistent,Mechanics,TRUE,2005,10,No,37,1,45000,54000,FALSE,Matara,FALSE,0,8,TRUE,3,13,FALSE,2,
E005,OUHCCUXPYYTDU,Iron,Iron,FALSE,2008,7,No,48,0,15000,18000,FALSE,Galle,TRUE,0,8,TRUE,4,16,TRUE,5,
E006,YKBRPKRQVX,Production Assistent,no,FALSE,2014,1,Yes,23,0,45000,54000,TRUE,Jaffna,TRUE,1,9,TRUE,5,0,TRUE,3,
E007,VFJJWRL,Production Manager,no,FALSE,2011,4,Yes,45,0,75000,90000,FALSE,Jaffna,FALSE,0,8,FALSE,2,20,FALSE,3,
E008,GUKGSHI,Production Assistent,Cutter,TRUE,1999,16,No,50,0,45000,54000,FALSE,Colombo,FALSE,1,9,TRUE,5,7,TRUE,4,
E009,CEWHIF,Production Assistent,Production Assistent,FALSE,2006,9,Yes,21,1,45000,54000,TRUE,Matara,TRUE,0,9,FALSE,3,18,FALSE,4,
E0010,BLANBUF,Machine oparator,Checking,TRUE,2001,14,No,44,1,20000,24000,TRUE,Matara,FALSE,1,8,FALSE,3,13,TRUE,5,
E0011,LNTWELGPB,Desinger,Desinger,FALSE,1996,19,Yes,25,1,30000,36000,FALSE,Gampaha,TRUE,0,8,TRUE,3,5,FALSE,3,
E0012,SWKFJABUIZ,Screen Printer,Screen Printer,FALSE,1996,19,No,49,1,20000,24000,TRUE,Matara,FALSE,1,9,TRUE,4,5,TRUE,1,
E0013,MQTWQCKG,Production Assistent,Packing,TRUE,2004,11,No,39,0,45000,54000,FALSE,Colombo,FALSE,0,8,TRUE,5,15,TRUE,1,
E0014,HXCUOILF,Screen Printer,Screen Printer,FALSE,2008,7,No,46,1,20000,24000,TRUE,Colombo,FALSE,0,9,TRUE,5,19,TRUE,2,
E0015,KODJAAFCCLH,Production Manager,Production Manager,FALSE,2003,12,Yes,50,0,75000,90000,FALSE,Galle,FALSE,1,10,FALSE,3,20,TRUE,5,
E0016,NRYZVGAOLF,Iron,no,FALSE,2015,0,No,26,0,15000,18000,TRUE,Matara,TRUE,0,8,TRUE,2,17,FALSE,2,
E0017,GZYMIUP,Checking,Checking,FALSE,2007,8,No,33,0,15000,18000,TRUE,Jaffna,FALSE,1,8,TRUE,3,5,TRUE,1,
E0018,PHRWIPE,Production Assistent,Screen Printer,TRUE,2000,15,No,36,0,45000,54000,FALSE,Galle,TRUE,1,10,FALSE,2,15,FALSE,5,
E0019,HAFBLWHNCM,Production Assistent,no,FALSE,2012,3,Yes,24,0,45000,54000,TRUE,Gampaha,FALSE,1,10,FALSE,4,2,FALSE,2,
E0020,DEWLLOS,Production Assistent,no,FALSE,2013,2,Yes,27,0,45000,54000,FALSE,Galle,FALSE,1,10,TRUE,5,10,FALSE,5,
E0021,FBWAVJHLKDGU,Production Assistent,Production Assistent,FALSE,2010,5,Yes,21,0,45000,54000,FALSE,Gampaha,TRUE,0,9,FALSE,3,3,FALSE,5,
E0022,WCFUPI,Cutter,Cutter,FALSE,1997,18,No,32,0,150000,180000,FALSE,Colombo,TRUE,0,9,FALSE,2,6,FALSE,5,
E0023,WUOAMXJQGNR,Desinger,no,FALSE,2011,4,Yes,47,1,30000,36000,TRUE,Colombo,FALSE,0,9,FALSE,1,0,FALSE,3,
E0024,HFAVEC,Production Assistent,Mechanics,TRUE,1999,16,No,28,1,45000,54000,FALSE,Matara,TRUE,0,10,FALSE,2,15,TRUE,5,
E0025,FSSPBK,Production Assistent,Border,TRUE,1997,18,No,29,0,45000,54000,TRUE,Gampaha,TRUE,0,10,TRUE,3,13,TRUE,5,
E0026,OMBEHDOO,Production Assistent,Production Assistent,FALSE,2003,12,Yes,38,1,45000,54000,FALSE,Jaffna,TRUE,1,10,TRUE,5,17,FALSE,5,
E0027,JUVJGPWA,Production Manager,Production Manager,FALSE,1999,16,No,50,1,75000,90000,TRUE,Gampaha,TRUE,0,10,FALSE,4,3,FALSE,1,
E0028,FCWOUXDP,Production Assistent,Production Assistent,FALSE,2003,12,Yes,30,0,45000,54000,FALSE,Galle,TRUE,1,8,TRUE,4,20,TRUE,5,
E0029,QKPXWB,Production Manager,Production Supervisor,TRUE,2000,15,No,36,1,75000,90000,FALSE,Colombo,FALSE,1,10,FALSE,4,5,TRUE,1,
E0030,QFDMMCMLWQXCT,Production Manager,Production Supervisor,TRUE,2004,11,No,26,0,75000,90000,TRUE,Colombo,TRUE,1,8,TRUE,4,6,TRUE,2,
E0031,BFVCUMMJZVXVKVB,Production Assistent,Production Assistent,FALSE,2008,7,No,49,0,45000,54000,TRUE,Gampaha,TRUE,0,10,TRUE,4,2,TRUE,2,
E0032,XLBSFTEP,Production Assistent,Screen Printer,TRUE,2003,12,No,32,0,45000,54000,TRUE,Jaffna,TRUE,0,9,TRUE,1,12,TRUE,1,
E0033,AAGCZOQBCW,Production Assistent,Cutter,TRUE,1996,19,No,46,0,45000,54000,TRUE,Jaffna,FALSE,0,8,TRUE,5,19,TRUE,5,
E0034,MHRRVNH,Production Manager,Production Manager,FALSE,2001,14,Yes,42,1,75000,90000,FALSE,Gampaha,TRUE,0,9,FALSE,5,11,TRUE,2,
E0035,TTIQJYOA,Machine oparator,Checking,TRUE,1998,17,No,37,1,20000,24000,FALSE,Colombo,TRUE,1,10,TRUE,4,15,TRUE,3,
E0036,YCWOEOIYNI,Machine oparator,Iron,TRUE,2008,7,No,30,0,20000,24000,FALSE,Jaffna,TRUE,0,9,TRUE,4,4,FALSE,5,
E0037,QBKHEIYA,Screen Printer,no,FALSE,2014,1,No,38,0,20000,24000,FALSE,Jaffna,TRUE,1,9,TRUE,5,0,TRUE,4,
E0038,TNLEWZ,Production Assistent,Mechanics,TRUE,1999,16,No,43,0,45000,54000,FALSE,Gampaha,TRUE,0,10,TRUE,5,10,TRUE,4,
E0039,CMMBTU,Cutter,Cutter,FALSE,2003,12,No,42,0,150000,180000,FALSE,Jaffna,FALSE,0,10,TRUE,3,20,TRUE,1,
E0040,DEUSKRQKKYMW,Production Assistent,Desinger,TRUE,1999,16,Yes,24,0,45000,54000,FALSE,Gampaha,FALSE,0,10,FALSE,5,9,FALSE,2,
E0041,IKFWSGTEC,Border,Border,FALSE,1997,18,No,22,0,15000,18000,TRUE,Galle,TRUE,0,9,FALSE,3,5,FALSE,4,
E0042,DICFZUDSJCZPK,Production Manager,no,FALSE,2013,2,Yes,32,1,75000,90000,FALSE,Colombo,FALSE,0,8,TRUE,4,2,FALSE,3,
E0043,LFQUXPN,Screen Printer,Screen Printer,FALSE,2005,10,No,34,1,20000,24000,FALSE,Jaffna,TRUE,0,8,TRUE,3,11,FALSE,2,
E0044,BFQOQTNMSEE,Machine oparator,Packing,TRUE,2008,7,No,29,0,20000,24000,FALSE,Jaffna,TRUE,1,9,TRUE,5,5,FALSE,1,
E0045,RAQLXJ,Production Supervisor,Production Assistent,TRUE,2001,14,No,44,0,50000,60000,FALSE,Jaffna,TRUE,1,8,FALSE,1,0,TRUE,4,
E0046,GBLIQTWSRYH,Screen Printer,Screen Printer,FALSE,1997,18,No,35,0,20000,24000,FALSE,Colombo,FALSE,1,9,TRUE,3,11,TRUE,3,
E0047,DKLYXS,Machine oparator,Cutter,TRUE,2010,5,No,20,0,20000,24000,FALSE,Colombo,TRUE,0,8,FALSE,5,2,FALSE,1,
E0048,TOJOIREXUCZ,Mechanics,Mechanics,FALSE,2000,15,No,30,1,30000,36000,FALSE,Colombo,TRUE,1,10,FALSE,5,14,TRUE,1,
E0049,CPQGBN,Production Manager,Production Manager,FALSE,2003,12,No,33,0,75000,90000,TRUE,Gampaha,FALSE,0,9,FALSE,2,19,TRUE,3,
E0050,DAHEFNYT,Production Supervisor,Production Assistent,TRUE,2008,7,Yes,30,0,50000,60000,FALSE,Galle,FALSE,0,8,FALSE,3,20,TRUE,4,
E0051,QPZKL,Production Supervisor,no,FALSE,2014,1,Yes,28,0,50000,60000,FALSE,Jaffna,FALSE,1,9,TRUE,5,0,TRUE,3,
E0052,PEPBPIV,Border,Border,FALSE,2009,6,No,26,0,15000,18000,FALSE,Matara,FALSE,0,8,TRUE,2,16,TRUE,5,
E0053,GGGMVC,Production Supervisor,Production Supervisor,FALSE,2004,11,Yes,44,1,50000,60000,FALSE,Matara,FALSE,1,8,FALSE,3,0,FALSE,1,
E0054,TPUTG,Production Assistent,Screen Printer,TRUE,2002,13,No,46,1,45000,54000,FALSE,Matara,TRUE,0,9,FALSE,2,19,FALSE,3,
E0055,IHVMQMUEXTP,Machine oparator,Packing,TRUE,2001,14,No,36,0,20000,24000,TRUE,Jaffna,FALSE,0,9,FALSE,2,1,TRUE,5,
E0056,UZQQUT,Production Manager,no,FALSE,2011,4,No,30,0,75000,90000,TRUE,Colombo,TRUE,0,8,FALSE,1,2,FALSE,5,
E0057,CKQSWYELVJWC,Production Assistent,Desinger,TRUE,1996,19,Yes,32,0,45000,54000,TRUE,Jaffna,FALSE,0,8,FALSE,3,6,FALSE,1,
E0058,FBQQHRZEFVH,Screen Printer,Screen Printer,FALSE,2003,12,No,22,0,20000,24000,FALSE,Matara,TRUE,0,10,TRUE,4,11,TRUE,1,
E0059,CMXMXNUVG,Iron,Iron,FALSE,1999,16,No,23,0,15000,18000,TRUE,Matara,FALSE,0,8,FALSE,3,16,FALSE,2,
E0060,FXZKVWGDA,Production Assistent,Machine oparator,TRUE,2003,12,No,47,0,45000,54000,TRUE,Jaffna,FALSE,0,10,FALSE,1,5,FALSE,1,
E0061,DUKWTD,Production Manager,Production Manager,FALSE,2004,11,No,50,0,75000,90000,FALSE,Jaffna,TRUE,1,10,FALSE,1,7,TRUE,1,
E0062,QIIKYA,Production Assistent,no,FALSE,2015,0,Yes,46,0,45000,54000,FALSE,Galle,TRUE,0,10,FALSE,5,11,FALSE,4,
E0063,OUFLUVCAXM,Machine oparator,Cutter,TRUE,2010,5,No,34,0,20000,24000,FALSE,Colombo,TRUE,0,9,TRUE,2,14,FALSE,5,
E0064,NVOTTDA,Production Manager,no,FALSE,2011,4,Yes,35,0,75000,90000,TRUE,Colombo,FALSE,1,10,TRUE,2,2,FALSE,3,
E0065,FNHZZAV,Machine oparator,Cutter,TRUE,2001,14,No,46,1,20000,24000,FALSE,Gampaha,TRUE,1,9,TRUE,4,3,TRUE,4,
E0066,WABWKCRVHDY,Production Supervisor,Production Supervisor,FALSE,2004,11,No,42,0,50000,60000,FALSE,Matara,FALSE,1,8,TRUE,2,11,FALSE,1,
E0067,ADNBOEKESG,Machine oparator,no,FALSE,2015,0,No,42,1,20000,24000,FALSE,Jaffna,FALSE,0,8,FALSE,1,2,FALSE,1,
E0068,ZWGXHG,Production Manager,Production Supervisor,TRUE,1996,19,Yes,42,0,75000,90000,FALSE,Colombo,FALSE,0,8,FALSE,3,5,FALSE,3,
E0069,YDPYLZ,Production Supervisor,Production Supervisor,FALSE,2005,10,Yes,28,1,50000,60000,TRUE,Galle,FALSE,0,10,TRUE,2,0,TRUE,2,
E0070,SQBLQMVW,Checking,Checking,FALSE,2005,10,No,31,1,15000,18000,TRUE,Galle,TRUE,1,9,TRUE,4,9,TRUE,1,
E0071,TIRRXLAIRYFYS,Production Assistent,Iron,TRUE,1997,18,No,49,1,45000,54000,TRUE,Galle,FALSE,1,10,FALSE,5,13,FALSE,3,
E0072,LQBJEJRUUTIZ,Machine oparator,Screen Printer,TRUE,2005,10,No,32,0,20000,24000,FALSE,Jaffna,FALSE,0,10,FALSE,4,17,FALSE,4,
E0073,XVEHNQSE,Desinger,Desinger,FALSE,2006,9,Yes,32,1,30000,36000,FALSE,Galle,TRUE,1,10,FALSE,5,15,FALSE,4,
E0074,SJQJK,Cutter,Cutter,FALSE,1999,16,No,43,0,150000,180000,TRUE,Matara,TRUE,0,9,FALSE,4,16,TRUE,2,
E0075,ZGDUMR,Production Manager,Production Supervisor,TRUE,1997,18,Yes,29,1,75000,90000,FALSE,Gampaha,TRUE,0,10,FALSE,3,7,TRUE,5,
E0076,EZARMXHU,Screen Printer,Screen Printer,FALSE,2007,8,No,44,0,20000,24000,TRUE,Colombo,TRUE,0,9,TRUE,3,2,TRUE,1,
E0077,BPNSBVOPOI,Desinger,Desinger,FALSE,2010,5,Yes,34,0,30000,36000,TRUE,Gampaha,TRUE,0,8,FALSE,2,9,FALSE,1,
E0078,VKUNSFOMT,Production Manager,Production Supervisor,TRUE,2004,11,No,27,0,75000,90000,TRUE,Colombo,FALSE,1,8,FALSE,2,7,TRUE,1,
E0079,VYKATXVNUUW,Production Manager,Production Manager,FALSE,2003,12,Yes,43,1,75000,90000,TRUE,Galle,FALSE,0,9,TRUE,5,17,FALSE,4,
E0080,VTIPFCBUXCC,Production Manager,no,FALSE,2011,4,No,20,1,75000,90000,TRUE,Jaffna,FALSE,0,9,FALSE,4,12,FALSE,1,
E0081,CZBFBNRPWAJCFV,Production Assistent,no,FALSE,2013,2,No,39,0,45000,54000,TRUE,Jaffna,FALSE,0,10,TRUE,1,13,TRUE,1,
E0082,OCHOKKBN,Production Assistent,Production Assistent,FALSE,1997,18,Yes,25,1,45000,54000,TRUE,Jaffna,TRUE,0,10,TRUE,4,2,FALSE,1,
E0083,APXCA,Production Assistent,Screen Printer,TRUE,2007,8,No,29,0,45000,54000,TRUE,Jaffna,TRUE,0,9,TRUE,1,1,TRUE,2,
E0084,JFWPJYIEQU,Desinger,Desinger,FALSE,2008,7,Yes,46,0,30000,36000,TRUE,Matara,TRUE,1,10,FALSE,1,12,FALSE,4,
E0085,KHFRJEWNPEV,Machine oparator,Checking,TRUE,1998,17,No,26,0,20000,24000,FALSE,Gampaha,FALSE,0,9,TRUE,1,1,TRUE,1,
E0086,TSFVCTAVMZM,Production Assistent,Desinger,TRUE,2000,15,Yes,20,0,45000,54000,TRUE,Galle,TRUE,0,10,TRUE,1,5,TRUE,5,
E0087,HHIRBFFV,Machine oparator,no,FALSE,2014,1,No,35,0,20000,24000,FALSE,Matara,FALSE,0,8,TRUE,3,10,FALSE,2,
E0088,VBIQZTFI,Production Supervisor,Production Assistent,TRUE,1997,18,Yes,24,1,50000,60000,TRUE,Colombo,TRUE,0,9,FALSE,4,13,TRUE,5,
E0089,BIUIDBYPAXX,Production Assistent,Desinger,TRUE,2002,13,Yes,32,1,45000,54000,FALSE,Galle,FALSE,1,10,FALSE,3,17,TRUE,5,
E0090,UPWCWAOKJNT,Border,Border,FALSE,2007,8,No,40,0,15000,18000,TRUE,Galle,TRUE,1,9,TRUE,1,0,FALSE,5,
E0091,CWZEENNGUW,Screen Printer,Screen Printer,FALSE,2008,7,No,43,1,20000,24000,TRUE,Gampaha,FALSE,0,8,FALSE,2,0,FALSE,1,
E0092,QFDTGG,Machine oparator,Cutter,TRUE,2010,5,No,38,0,20000,24000,TRUE,Gampaha,TRUE,0,8,FALSE,3,15,FALSE,2,
E0093,IAXSINIOXENMZ,Production Assistent,Cutter,TRUE,2010,5,No,46,1,45000,54000,TRUE,Gampaha,FALSE,0,8,FALSE,3,17,FALSE,2,
E0094,DUXLZRVP,Production Manager,Production Supervisor,TRUE,1997,18,Yes,46,1,75000,90000,TRUE,Jaffna,FALSE,1,10,TRUE,1,13,FALSE,2,
E0095,PXOIPGO,Machine oparator,Packing,TRUE,2006,9,No,37,0,20000,24000,TRUE,Gampaha,TRUE,0,10,TRUE,1,20,TRUE,4,
E0096,FQHGHNV,Production Assistent,no,FALSE,2014,1,No,31,0,45000,54000,FALSE,Jaffna,TRUE,0,10,FALSE,5,10,TRUE,5,
E0097,NQBDBQJG,Production Assistent,no,FALSE,2011,4,No,40,0,45000,54000,TRUE,Gampaha,FALSE,1,10,FALSE,4,14,TRUE,2,
E0098,GYRDUGAVSL,Mechanics,Mechanics,FALSE,1999,16,No,25,1,30000,36000,FALSE,Colombo,TRUE,0,10,TRUE,3,2,FALSE,5,
E0099,IUWEPBLEV,Desinger,Desinger,FALSE,2004,11,Yes,47,0,30000,36000,FALSE,Galle,TRUE,1,8,TRUE,1,18,TRUE,3,
E00100,WYMOAI,Production Assistent,Border,TRUE,2006,9,No,33,1,45000,54000,FALSE,Colombo,FALSE,0,10,FALSE,1,7,FALSE,5,
E00101,LILHYED,Checking,no,FALSE,2011,4,No,45,0,15000,18000,TRUE,Gampaha,TRUE,0,9,TRUE,5,8,FALSE,5,
E00102,IXPOPBVGNWQ,Production Supervisor,Production Supervisor,FALSE,1998,17,Yes,34,1,50000,60000,FALSE,Matara,FALSE,0,9,TRUE,4,20,TRUE,5,
E00103,PVBWLZOVEL,Machine oparator,Machine oparator,TRUE,2008,7,No,35,1,20000,24000,TRUE,Jaffna,FALSE,0,10,FALSE,4,15,TRUE,3,
E00104,QXJRUDGYCPUYJW,Production Assistent,Desinger,TRUE,2008,7,Yes,37,1,45000,54000,FALSE,Colombo,TRUE,0,8,TRUE,2,6,FALSE,2,
E00105,OFQTD,Production Manager,no,FALSE,2013,2,Yes,20,0,75000,90000,TRUE,Colombo,TRUE,0,10,FALSE,4,18,FALSE,2,
E00106,FAXYH,Machine oparator,Cutter,TRUE,2005,10,No,34,0,20000,24000,FALSE,Gampaha,TRUE,1,8,TRUE,1,12,FALSE,2,
E00107,HBXDMACND,Production Assistent,no,FALSE,2014,1,Yes,48,0,45000,54000,FALSE,Gampaha,FALSE,0,10,TRUE,5,4,TRUE,3,
E00108,VZNJEEVWMT,Machine oparator,Machine oparator,TRUE,2001,14,No,47,1,20000,24000,TRUE,Matara,FALSE,1,9,FALSE,3,6,FALSE,1,
E00109,TQGSPBUCWK,Checking,no,FALSE,2012,3,No,23,0,15000,18000,TRUE,Jaffna,TRUE,1,9,FALSE,3,0,TRUE,4,
E00110,XZOUUZGLPG,Machine oparator,no,FALSE,2015,0,No,29,0,20000,24000,FALSE,Gampaha,FALSE,0,8,TRUE,1,15,TRUE,3,
E00111,UXVWVHWWAA,Production Assistent,Cutter,TRUE,2003,12,No,27,0,45000,54000,FALSE,Colombo,FALSE,0,9,TRUE,2,5,TRUE,4,
E00112,OCYBEULUN,Production Assistent,no,FALSE,2014,1,No,36,1,45000,54000,TRUE,Matara,FALSE,0,10,TRUE,1,3,FALSE,2,
E00113,NEGMFKTAM,Production Manager,Production Manager,FALSE,2002,13,No,47,0,75000,90000,FALSE,Colombo,TRUE,0,9,FALSE,2,16,TRUE,4,
E00114,XAFEZUWYQB,Machine oparator,Checking,TRUE,2004,11,No,20,0,20000,24000,TRUE,Matara,FALSE,0,9,TRUE,2,13,TRUE,3,
E00115,LWUMOS,Production Assistent,Desinger,TRUE,2003,12,Yes,40,0,45000,54000,FALSE,Gampaha,TRUE,0,8,TRUE,4,12,FALSE,4,
E00116,PJSVQP,Production Manager,Production Supervisor,TRUE,2007,8,No,28,0,75000,90000,FALSE,Gampaha,FALSE,0,9,FALSE,4,19,FALSE,4,
E00117,TJYETARQXUZ,Production Supervisor,Production Supervisor,FALSE,2008,7,No,42,0,50000,60000,FALSE,Galle,TRUE,0,8,TRUE,5,5,FALSE,1,
E00118,RBRHIZGW,Production Assistent,Border,TRUE,2000,15,No,28,0,45000,54000,TRUE,Matara,FALSE,0,10,TRUE,1,2,TRUE,1,
E00119,HTVYGMQ,Production Assistent,Production Assistent,FALSE,1997,18,Yes,27,1,45000,54000,TRUE,Galle,FALSE,0,8,TRUE,4,0,TRUE,3,
E00120,VVZGFKMRE,Machine oparator,Iron,TRUE,2010,5,No,26,0,20000,24000,TRUE,Colombo,FALSE,0,10,FALSE,1,5,TRUE,2,
E00121,WLRFFDT,Production Supervisor,no,FALSE,2012,3,Yes,27,1,50000,60000,TRUE,Gampaha,FALSE,0,10,FALSE,5,8,TRUE,2,
E00122,MMMGGRMFLJ,Production Supervisor,no,FALSE,2012,3,Yes,50,0,50000,60000,TRUE,Matara,TRUE,1,8,FALSE,5,14,FALSE,4,
E00123,ZBDWAMLGG,Checking,Checking,FALSE,2003,12,No,48,0,15000,18000,TRUE,Matara,TRUE,0,8,FALSE,1,12,TRUE,1,
E00124,EABCFSOVDU,Production Manager,Production Supervisor,TRUE,1998,17,Yes,20,1,75000,90000,FALSE,Gampaha,TRUE,0,10,FALSE,3,15,FALSE,2,
E00125,MCTCCXBBIQF,Production Assistent,Border,TRUE,1996,19,No,30,0,45000,54000,FALSE,Colombo,TRUE,1,9,FALSE,4,14,TRUE,5,
E00126,LYXGZK,Production Manager,no,FALSE,2014,1,Yes,44,0,75000,90000,TRUE,Jaffna,TRUE,0,8,FALSE,5,17,TRUE,5,
E00127,VUXHRJB,Packing,Packing,FALSE,2001,14,No,41,1,15000,18000,TRUE,Galle,FALSE,0,10,TRUE,3,16,FALSE,3,
E00128,UBXKIPPWNJRN,Production Assistent,Iron,TRUE,2008,7,No,23,0,45000,54000,FALSE,Galle,FALSE,0,10,FALSE,2,0,TRUE,4,
E00129,HMYVUMZT,Production Assistent,Cutter,TRUE,2004,11,No,33,0,45000,54000,TRUE,Colombo,FALSE,0,8,TRUE,1,3,FALSE,2,
E00130,PUGCQVKDAR,Machine oparator,no,FALSE,2013,2,No,38,0,20000,24000,TRUE,Galle,TRUE,1,10,TRUE,2,19,FALSE,4,
E00131,ZIPTQYV,Production Supervisor,Production Supervisor,FALSE,2004,11,No,21,0,50000,60000,TRUE,Colombo,TRUE,0,9,TRUE,1,11,TRUE,3,
E00132,QYVNCULIA,Machine oparator,Iron,TRUE,2002,13,No,24,1,20000,24000,FALSE,Matara,TRUE,1,10,FALSE,1,18,FALSE,3,
E00133,HXUHUTPE,Machine oparator,no,FALSE,2012,3,No,42,1,20000,24000,TRUE,Jaffna,FALSE,0,8,TRUE,1,0,FALSE,1,
E00134,SJTLHIQXPHT,Border,Border,FALSE,2000,15,No,30,0,15000,18000,FALSE,Colombo,TRUE,0,8,TRUE,1,17,FALSE,5,
E00135,VKSQHYDFNIE,Machine oparator,Screen Printer,TRUE,1998,17,No,41,0,20000,24000,TRUE,Galle,FALSE,0,8,TRUE,2,16,FALSE,5,
E00136,FQCGAISZQQLK,Production Supervisor,Production Assistent,TRUE,2006,9,Yes,22,0,50000,60000,FALSE,Colombo,FALSE,1,10,FALSE,3,1,TRUE,1,
E00137,BFCEERNZAVOP,Production Manager,Production Supervisor,TRUE,2001,14,Yes,48,0,75000,90000,TRUE,Galle,FALSE,0,8,TRUE,3,11,FALSE,4,
E00138,JSHWQBAPY,Production Supervisor,Production Supervisor,FALSE,2010,5,No,33,1,50000,60000,TRUE,Jaffna,FALSE,0,10,TRUE,2,16,FALSE,1,
E00139,ROCQDYPNRZYG,Border,Border,FALSE,1999,16,No,46,0,15000,18000,TRUE,Galle,FALSE,0,9,FALSE,4,20,TRUE,2,
E00140,HJZXDCA,Checking,Checking,FALSE,2010,5,No,39,0,15000,18000,TRUE,Galle,TRUE,0,8,FALSE,2,14,TRUE,2,
E00141,NWRFDRE,Production Supervisor,Production Assistent,TRUE,1998,17,No,22,0,50000,60000,TRUE,Jaffna,TRUE,0,10,TRUE,3,14,TRUE,3,
E00142,NWVYSKQX,Checking,no,FALSE,2011,4,No,36,1,15000,18000,TRUE,Colombo,FALSE,0,9,TRUE,5,5,FALSE,4,
E00143,FABKAJN,Desinger,no,FALSE,2011,4,Yes,34,0,30000,36000,TRUE,Colombo,FALSE,1,10,TRUE,4,6,FALSE,2,
E00144,TAJQJDAP,Desinger,Desinger,FALSE,2005,10,Yes,33,1,30000,36000,TRUE,Colombo,TRUE,0,9,TRUE,5,15,TRUE,3,
E00145,BJFGNQXRLL,Production Assistent,no,FALSE,2015,0,Yes,34,1,45000,54000,FALSE,Jaffna,TRUE,0,9,FALSE,1,9,FALSE,4,
E00146,LIVPIWEXANDU,Machine oparator,Border,TRUE,2005,10,No,41,0,20000,24000,TRUE,Gampaha,TRUE,0,10,TRUE,4,12,FALSE,2,
E00147,VXWHHP,Production Manager,Production Manager,FALSE,2006,9,Yes,31,0,75000,90000,TRUE,Gampaha,FALSE,0,8,TRUE,3,18,FALSE,2,
E00148,HSHPACCKJYE,Machine oparator,Packing,TRUE,2000,15,No,47,0,20000,24000,TRUE,Colombo,FALSE,0,9,TRUE,1,6,TRUE,5,
E00149,NMYQKKEVA,Production Supervisor,no,FALSE,2014,1,Yes,45,0,50000,60000,TRUE,Gampaha,FALSE,0,10,FALSE,2,11,TRUE,5,
E00150,HDERMV,Production Supervisor,Production Supervisor,FALSE,2004,11,Yes,29,0,50000,60000,TRUE,Gampaha,FALSE,0,10,FALSE,5,4,TRUE,4,
E00151,YTWXIFJNCF,Machine oparator,Packing,TRUE,2003,12,No,39,1,20000,24000,TRUE,Jaffna,TRUE,0,9,FALSE,3,18,FALSE,5,
E00152,OZBCVGJ,Production Supervisor,Production Assistent,TRUE,2008,7,Yes,42,0,50000,60000,TRUE,Matara,TRUE,0,8,TRUE,2,18,FALSE,1,
E00153,MZUEI,Machine oparator,no,FALSE,2011,4,No,50,0,20000,24000,TRUE,Galle,TRUE,1,8,FALSE,5,20,TRUE,5,
E00154,ZAJYRU,Machine oparator,Screen Printer,TRUE,1999,16,No,38,0,20000,24000,FALSE,Matara,FALSE,0,8,TRUE,2,1,TRUE,3,
E00155,AOIOIQJRD,Production Supervisor,no,FALSE,2011,4,Yes,34,0,50000,60000,TRUE,Gampaha,FALSE,1,9,FALSE,2,16,TRUE,5,
E00156,PKURIFIH,Machine oparator,Cutter,TRUE,2008,7,No,34,0,20000,24000,TRUE,Jaffna,TRUE,1,9,TRUE,2,6,TRUE,4,
E00157,GZLPDBV,Production Manager,Production Supervisor,TRUE,2005,10,No,41,0,75000,90000,TRUE,Gampaha,TRUE,1,9,TRUE,2,10,FALSE,3,
E00158,QJDUIT,Production Assistent,Cutter,TRUE,2001,14,No,30,0,45000,54000,TRUE,Jaffna,FALSE,0,8,TRUE,4,1,TRUE,1,
E00159,ZPATXSFRZ,Machine oparator,Border,TRUE,1998,17,No,40,0,20000,24000,TRUE,Galle,FALSE,1,10,FALSE,1,15,TRUE,5,
E00160,URXETQASO,Desinger,Desinger,FALSE,2005,10,Yes,35,0,30000,36000,FALSE,Jaffna,TRUE,0,9,FALSE,2,8,TRUE,5,
E00161,VJZFQRWIMME,Production Manager,Production Manager,FALSE,1999,16,No,34,0,75000,90000,TRUE,Colombo,FALSE,0,9,FALSE,1,20,TRUE,3,
E00162,LNWQKMA,Checking,Checking,FALSE,1997,18,No,25,1,15000,18000,FALSE,Galle,FALSE,1,9,FALSE,5,10,FALSE,2,
E00163,VACIWDHPQ,Production Manager,no,FALSE,2012,3,Yes,36,0,75000,90000,FALSE,Galle,FALSE,0,9,TRUE,3,2,TRUE,5,
E00164,BYRWPKPMTE,Production Supervisor,Production Assistent,TRUE,2005,10,Yes,37,0,50000,60000,FALSE,Matara,TRUE,1,9,FALSE,3,10,TRUE,4,
E00165,WQPNRDEGPWVZK,Border,Border,FALSE,2002,13,No,36,0,15000,18000,TRUE,Matara,TRUE,0,8,FALSE,1,2,TRUE,2,
E00166,AVSUZIQEVKX,Screen Printer,no,FALSE,2014,1,No,29,1,20000,24000,FALSE,Jaffna,FALSE,1,9,FALSE,1,13,TRUE,4,
E00167,XZGXW,Machine oparator,no,FALSE,2015,0,No,35,0,20000,24000,TRUE,Gampaha,FALSE,0,10,FALSE,2,3,TRUE,4,
E00168,SXHQOWJUFBP,Production Assistent,Desinger,TRUE,2001,14,Yes,43,0,45000,54000,TRUE,Jaffna,TRUE,0,9,TRUE,5,5,FALSE,4,
E00169,HOCGROWSOLCR,Machine oparator,Cutter,TRUE,1997,18,No,41,0,20000,24000,FALSE,Gampaha,TRUE,0,8,TRUE,5,19,FALSE,3,
E00170,IVHTRYUMSN,Production Supervisor,Production Assistent,TRUE,2004,11,No,24,1,50000,60000,TRUE,Gampaha,TRUE,0,8,FALSE,4,19,TRUE,4,
E00171,INZATGF,Mechanics,Mechanics,FALSE,2005,10,No,41,1,30000,36000,TRUE,Galle,FALSE,1,10,FALSE,5,13,FALSE,3,
E00172,TNLIWERQBKNQ,Production Supervisor,Production Supervisor,FALSE,2006,9,Yes,26,0,50000,60000,TRUE,Colombo,TRUE,1,8,FALSE,3,6,FALSE,1,
E00173,NYRHNM,Production Supervisor,Production Supervisor,FALSE,2007,8,Yes,24,0,50000,60000,FALSE,Gampaha,FALSE,0,8,TRUE,3,15,TRUE,4,
E00174,KPWQPSDY,Production Assistent,Production Assistent,FALSE,1997,18,Yes,23,0,45000,54000,FALSE,Gampaha,FALSE,1,8,TRUE,2,0,FALSE,5,
E00175,WBRKLD,Machine oparator,Cutter,TRUE,1997,18,No,21,1,20000,24000,FALSE,Matara,TRUE,1,8,FALSE,4,18,FALSE,1,
E00176,SIKLKORS,Mechanics,Mechanics,FALSE,2000,15,No,25,0,30000,36000,TRUE,Gampaha,FALSE,0,9,TRUE,4,17,FALSE,5,
E00177,QJYQXBH,Production Manager,Production Manager,FALSE,1996,19,Yes,27,0,75000,90000,TRUE,Colombo,TRUE,1,10,FALSE,4,20,TRUE,2,
E00178,FMKLTJQ,Production Assistent,no,FALSE,2015,0,Yes,38,0,45000,54000,TRUE,Colombo,TRUE,1,10,FALSE,1,19,TRUE,2,
E00179,GVYHTGXY,Production Supervisor,Production Assistent,TRUE,1998,17,No,44,1,50000,60000,TRUE,Galle,TRUE,0,8,TRUE,1,14,FALSE,2,
E00180,GSVOD,Desinger,no,FALSE,2012,3,Yes,32,1,30000,36000,FALSE,Jaffna,FALSE,1,8,FALSE,5,0,TRUE,5,
E00181,YWHKKPNPLBV,Production Assistent,Mechanics,TRUE,2008,7,No,43,0,45000,54000,TRUE,Galle,FALSE,1,10,FALSE,4,16,TRUE,5,
E00182,ZADFBPQI,Production Supervisor,Production Assistent,TRUE,2006,9,Yes,25,1,50000,60000,FALSE,Jaffna,TRUE,1,10,TRUE,1,6,TRUE,2,
E00183,ADCSDYUBVZIZ,Production Assistent,Packing,TRUE,2006,9,No,43,0,45000,54000,TRUE,Galle,TRUE,0,8,FALSE,2,10,TRUE,1,
E00184,SXKIAZLXO,Cutter,Cutter,FALSE,2006,9,No,22,0,150000,180000,FALSE,Galle,TRUE,0,8,FALSE,1,6,FALSE,5,
E00185,SCAJTUE,Production Supervisor,Production Assistent,TRUE,2010,5,Yes,41,0,50000,60000,TRUE,Colombo,TRUE,0,10,FALSE,2,19,TRUE,3,
E00186,RQBETZTVQST,Production Assistent,Mechanics,TRUE,1997,18,No,44,1,45000,54000,TRUE,Gampaha,FALSE,1,10,TRUE,2,17,FALSE,3,
E00187,AKDWBIPX,Production Supervisor,no,FALSE,2015,0,No,41,0,50000,60000,FALSE,Matara,TRUE,1,10,FALSE,4,15,FALSE,1,
E00188,URPVCKNWCW,Desinger,Desinger,FALSE,2001,14,Yes,33,0,30000,36000,FALSE,Matara,TRUE,1,10,FALSE,5,7,TRUE,4,
E00189,SDAGDWM,Production Assistent,Production Assistent,FALSE,2004,11,Yes,34,1,45000,54000,TRUE,Jaffna,FALSE,0,8,TRUE,5,16,TRUE,1,
E00190,YJBNDHT,Cutter,no,FALSE,2014,1,No,36,0,150000,180000,TRUE,Jaffna,FALSE,1,8,FALSE,5,19,TRUE,3,
E00191,AXUEGNBUXHIVKFJY,Production Assistent,no,FALSE,2015,0,Yes,41,0,45000,54000,TRUE,Gampaha,FALSE,0,9,FALSE,1,16,FALSE,2,
E00192,YYGNHBDYARY,Machine oparator,Iron,TRUE,2007,8,No,22,0,20000,24000,FALSE,Galle,FALSE,0,9,TRUE,4,8,TRUE,5,
E00193,JPUICQ,Checking,Checking,FALSE,2000,15,No,38,0,15000,18000,TRUE,Gampaha,TRUE,0,8,TRUE,3,19,TRUE,4,
E00194,MAJPA,Desinger,no,FALSE,2015,0,Yes,34,1,30000,36000,TRUE,Matara,FALSE,0,10,TRUE,5,9,TRUE,4,
E00195,FNEGHHVBF,Production Supervisor,Production Supervisor,FALSE,2001,14,Yes,23,0,50000,60000,FALSE,Matara,TRUE,1,9,FALSE,3,11,FALSE,1,
E00196,CQQNSXW,Production Supervisor,Production Assistent,TRUE,1996,19,No,45,0,50000,60000,TRUE,Galle,TRUE,1,10,TRUE,2,16,TRUE,5,
E00197,IYFBGZLR,Production Manager,no,FALSE,2014,1,No,28,0,75000,90000,TRUE,Colombo,FALSE,1,10,FALSE,5,9,FALSE,5,
E00198,BLTTJCICOGWIUF,Machine oparator,Iron,TRUE,2010,5,No,36,0,20000,24000,TRUE,Jaffna,FALSE,1,9,FALSE,1,11,FALSE,3,
E00199,QBTXWMKFOHFSLXE,Production Assistent,Production Assistent,FALSE,1997,18,Yes,21,0,45000,54000,FALSE,Colombo,TRUE,0,8,TRUE,3,1,TRUE,4,
E00200,BHFRNUGGSZNKUY,Production Supervisor,Production Supervisor,FALSE,1998,17,No,46,0,50000,60000,TRUE,Matara,FALSE,0,9,FALSE,5,7,TRUE,4,
E00201,YEVYAFRBX,Machine oparator,Screen Printer,TRUE,1998,17,No,45,1,20000,24000,FALSE,Colombo,TRUE,1,9,TRUE,3,20,TRUE,3,
E00202,FADSGEWVMWWA,Desinger,Desinger,FALSE,1998,17,Yes,36,1,30000,36000,FALSE,Colombo,TRUE,0,9,TRUE,3,19,FALSE,4,
E00203,WYMTYTFBOP,Mechanics,Mechanics,FALSE,2000,15,No,25,1,30000,36000,TRUE,Colombo,TRUE,0,9,FALSE,4,0,FALSE,2,
E00204,LLBSKYXNR,Production Supervisor,Production Assistent,TRUE,2007,8,Yes,29,1,50000,60000,FALSE,Jaffna,FALSE,0,10,FALSE,4,15,FALSE,3,
E00205,KGXPXZXQBB,Machine oparator,no,FALSE,2014,1,No,30,0,20000,24000,TRUE,Colombo,FALSE,0,8,TRUE,2,1,FALSE,2,
E00206,KBGZNHB,Production Assistent,Production Assistent,FALSE,1997,18,No,39,0,45000,54000,TRUE,Colombo,TRUE,0,9,TRUE,1,3,TRUE,3,
E00207,ZEYCUESC,Machine oparator,Cutter,TRUE,1997,18,No,27,0,20000,24000,FALSE,Matara,TRUE,0,10,FALSE,4,15,TRUE,2,
E00208,ZXLWCVYPEMYO,Production Supervisor,Production Assistent,TRUE,1999,16,No,46,0,50000,60000,TRUE,Galle,FALSE,0,9,FALSE,5,8,TRUE,2,
E00209,RVUNXTOIZE,Screen Printer,Screen Printer,FALSE,2004,11,No,23,1,20000,24000,TRUE,Matara,FALSE,0,10,FALSE,5,5,FALSE,4,
E00210,UKEKVATRO,Cutter,no,FALSE,2011,4,No,21,1,150000,180000,FALSE,Jaffna,FALSE,0,10,TRUE,5,7,FALSE,3,
E00211,UQBXG,Production Supervisor,Production Supervisor,FALSE,1999,16,No,30,0,50000,60000,TRUE,Gampaha,TRUE,0,9,FALSE,5,20,FALSE,5,
E00212,TSYMYLDTBQG,Production Assistent,no,FALSE,2014,1,Yes,40,1,45000,54000,FALSE,Matara,FALSE,1,8,TRUE,2,19,TRUE,1,
E00213,CIZSVGAQ,Production Assistent,no,FALSE,2013,2,Yes,29,0,45000,54000,TRUE,Jaffna,TRUE,0,10,TRUE,4,13,TRUE,1,
E00214,JNJAG,Border,Border,FALSE,2003,12,No,31,0,15000,18000,FALSE,Jaffna,TRUE,1,10,FALSE,2,13,TRUE,3,
E00215,GBFFO,Machine oparator,Iron,TRUE,2007,8,No,50,1,20000,24000,FALSE,Gampaha,FALSE,0,8,TRUE,4,16,FALSE,1,
E00216,QWGRMLZVVN,Production Assistent,no,FALSE,2011,4,No,34,1,45000,54000,FALSE,Gampaha,FALSE,1,8,TRUE,1,3,TRUE,4,
E00217,GOEAE,Production Manager,no,FALSE,2011,4,Yes,21,0,75000,90000,FALSE,Jaffna,FALSE,0,8,TRUE,1,18,TRUE,3,
E00218,SXRCMEQI,Machine oparator,no,FALSE,2014,1,No,44,1,20000,24000,FALSE,Matara,TRUE,0,8,FALSE,5,0,FALSE,1,
E00219,GGZYJUQ,Cutter,Cutter,FALSE,2008,7,No,30,0,150000,180000,TRUE,Matara,TRUE,1,10,FALSE,4,8,FALSE,5,
E00220,GUQEWYYC,Cutter,Cutter,FALSE,1998,17,No,43,0,150000,180000,FALSE,Gampaha,TRUE,1,10,FALSE,5,3,TRUE,1,
E00221,OIFLJMMVCV,Production Assistent,Checking,TRUE,2006,9,No,50,0,45000,54000,TRUE,Jaffna,TRUE,1,9,FALSE,1,20,FALSE,3,
E00222,ETBEFTG,Screen Printer,Screen Printer,FALSE,2002,13,No,44,0,20000,24000,TRUE,Galle,TRUE,0,8,FALSE,5,4,TRUE,1,
E00223,VSYZLCEB,Machine oparator,Iron,TRUE,2005,10,No,22,1,20000,24000,TRUE,Gampaha,FALSE,1,9,TRUE,1,12,FALSE,1,
E00224,IUBRHY,Production Manager,Production Manager,FALSE,1996,19,Yes,49,0,75000,90000,TRUE,Matara,FALSE,0,10,FALSE,1,11,TRUE,4,
E00225,QSLVNUZWDST,Production Supervisor,Production Supervisor,FALSE,2002,13,No,25,1,50000,60000,FALSE,Jaffna,FALSE,1,8,FALSE,1,4,FALSE,2,
E00226,TIECEZCEHKQ,Production Assistent,Desinger,TRUE,1997,18,Yes,26,0,45000,54000,FALSE,Gampaha,TRUE,1,9,FALSE,1,16,FALSE,4,
E00227,XGCROSHV,Machine oparator,Machine oparator,TRUE,1996,19,No,50,0,20000,24000,TRUE,Colombo,FALSE,0,9,TRUE,3,14,FALSE,4,
E00228,LNLGLV,Production Supervisor,Production Assistent,TRUE,2001,14,No,48,0,50000,60000,TRUE,Matara,FALSE,1,10,FALSE,1,19,TRUE,4,
E00229,LPKDMWP,Production Assistent,no,FALSE,2012,3,No,26,0,45000,54000,TRUE,Matara,TRUE,0,9,TRUE,1,13,TRUE,4,
E00230,MCPVTBYJKSYJBZ,Cutter,Cutter,FALSE,2005,10,No,26,1,150000,180000,TRUE,Jaffna,FALSE,0,8,FALSE,3,19,TRUE,3,
E00231,BXBBJWJT,Cutter,no,FALSE,2014,1,No,31,1,150000,180000,TRUE,Jaffna,FALSE,0,9,TRUE,4,18,FALSE,3,
E00232,LNRAYBTH,Production Assistent,Production Assistent,FALSE,2009,6,Yes,40,0,45000,54000,FALSE,Matara,FALSE,0,10,FALSE,4,11,TRUE,4,
E00233,LEHCG,Production Assistent,no,FALSE,2015,0,No,41,0,45000,54000,FALSE,Galle,TRUE,1,9,FALSE,4,9,TRUE,4,
E00234,ENGDQTKXSGE,Mechanics,Mechanics,FALSE,1998,17,No,50,1,30000,36000,TRUE,Galle,FALSE,0,10,TRUE,3,1,FALSE,1,
E00235,EURVSHRI,Packing,Packing,FALSE,2010,5,No,35,1,15000,18000,FALSE,Gampaha,FALSE,0,8,FALSE,3,2,TRUE,4,
E00236,CSTFVIWH,Production Supervisor,Production Assistent,TRUE,2008,7,No,46,0,50000,60000,FALSE,Galle,FALSE,0,9,FALSE,3,16,TRUE,4,
E00237,CSRUH,Production Assistent,Desinger,TRUE,2002,13,Yes,28,0,45000,54000,TRUE,Matara,FALSE,0,10,TRUE,3,8,FALSE,2,
E00238,QIOARLD,Production Manager,Production Supervisor,TRUE,2003,12,Yes,21,1,75000,90000,TRUE,Jaffna,FALSE,1,10,TRUE,5,18,TRUE,2,
E00239,SOPQJGJ,Iron,Iron,FALSE,2001,14,No,22,0,15000,18000,TRUE,Matara,FALSE,0,8,FALSE,1,11,TRUE,4,
E00240,UWFCPXZR,Machine oparator,Screen Printer,TRUE,2010,5,No,33,1,20000,24000,TRUE,Matara,TRUE,0,8,FALSE,5,17,FALSE,1,
E00241,PKNVVAJUZSYS,Production Assistent,Desinger,TRUE,2003,12,Yes,42,0,45000,54000,FALSE,Gampaha,TRUE,0,8,TRUE,1,2,FALSE,3,
E00242,MRCVOYI,Production Supervisor,Production Assistent,TRUE,2001,14,Yes,36,0,50000,60000,TRUE,Gampaha,TRUE,0,9,TRUE,5,8,TRUE,4,
E00243,OXTQTUC,Production Assistent,Packing,TRUE,2006,9,No,25,0,45000,54000,TRUE,Matara,TRUE,1,8,TRUE,3,6,FALSE,5,
E00244,IHDDD,Production Assistent,Checking,TRUE,2007,8,No,30,1,45000,54000,FALSE,Matara,TRUE,1,10,FALSE,1,15,TRUE,2,
E00245,XKDRAKNT,Production Supervisor,Production Assistent,TRUE,1997,18,Yes,26,0,50000,60000,TRUE,Jaffna,FALSE,0,8,TRUE,5,18,TRUE,4,
E00246,BKNMT,Screen Printer,Screen Printer,FALSE,2002,13,No,43,0,20000,24000,TRUE,Galle,FALSE,0,8,TRUE,1,2,TRUE,5,
E00247,GFYFREZFW,Machine oparator,Iron,TRUE,2003,12,No,45,0,20000,24000,FALSE,Gampaha,FALSE,0,8,FALSE,1,15,TRUE,5,
E00248,RECAAD,Production Manager,Production Supervisor,TRUE,2002,13,Yes,41,0,75000,90000,TRUE,Gampaha,FALSE,1,9,FALSE,3,11,TRUE,2,
E00249,FLBOODHWCZCNXAODX,Production Supervisor,Production Assistent,TRUE,2010,5,No,32,0,50000,60000,TRUE,Matara,TRUE,0,9,FALSE,3,15,FALSE,5,
E00250,VSIGIK,Packing,Packing,FALSE,2003,12,No,27,0,15000,18000,FALSE,Colombo,FALSE,1,8,FALSE,3,15,TRUE,1,
E00251,NJAGCWXT,Checking,Checking,FALSE,2004,11,No,32,0,15000,18000,FALSE,Galle,TRUE,0,8,TRUE,3,19,TRUE,3,
E00252,SQAAGXC,Desinger,Desinger,FALSE,1998,17,Yes,24,0,30000,36000,TRUE,Colombo,TRUE,0,10,FALSE,3,10,FALSE,2,
E00253,OXHUPSREZDE,Production Supervisor,Production Assistent,TRUE,1998,17,Yes,33,0,50000,60000,TRUE,Jaffna,TRUE,0,9,FALSE,3,8,TRUE,5,
E00254,TDMCQJYR,Production Assistent,Production Assistent,FALSE,2009,6,Yes,35,1,45000,54000,TRUE,Colombo,FALSE,0,9,FALSE,2,20,FALSE,2,
E00255,XYXVIBXO,Machine oparator,no,FALSE,2012,3,No,31,1,20000,24000,FALSE,Colombo,TRUE,0,9,FALSE,4,16,FALSE,3,
E00256,NMPATK,Checking,Checking,FALSE,2001,14,No,37,0,15000,18000,FALSE,Colombo,FALSE,0,8,TRUE,4,8,FALSE,2,
E00257,UMIOC,Machine oparator,Checking,TRUE,2004,11,No,39,0,20000,24000,TRUE,Colombo,FALSE,1,9,TRUE,5,2,FALSE,5,
E00258,PCXWPMOXB,Cutter,Cutter,FALSE,1998,17,No,38,1,150000,180000,TRUE,Galle,TRUE,0,10,TRUE,4,17,FALSE,1,
E00259,SFGLNMCSB,Production Assistent,Screen Printer,TRUE,2000,15,No,36,0,45000,54000,TRUE,Gampaha,TRUE,0,8,FALSE,4,11,TRUE,4,
E00260,YZWDYEHCNZ,Machine oparator,Cutter,TRUE,1998,17,No,20,0,20000,24000,TRUE,Gampaha,TRUE,0,10,FALSE,4,17,TRUE,4,
E00261,AYKYUXJSZG,Production Assistent,Desinger,TRUE,2000,15,Yes,36,0,45000,54000,FALSE,Matara,TRUE,0,10,FALSE,5,17,TRUE,5,
E00262,YSSNSVG,Border,Border,FALSE,2008,7,No,45,0,15000,18000,TRUE,Colombo,FALSE,1,9,TRUE,3,4,TRUE,2,
E00263,ABIGSSEOBO,Machine oparator,Iron,TRUE,2006,9,No,46,1,20000,24000,FALSE,Gampaha,TRUE,1,10,TRUE,5,12,TRUE,5,
E00264,XVAWMXAAB,Mechanics,Mechanics,FALSE,2007,8,No,37,0,30000,36000,TRUE,Colombo,FALSE,0,10,FALSE,1,0,FALSE,5,
E00265,JAJPMN,Production Assistent,no,FALSE,2011,4,No,37,1,45000,54000,FALSE,Colombo,TRUE,0,8,TRUE,3,3,TRUE,1,
E00266,LBGVKY,Production Supervisor,Production Assistent,TRUE,1999,16,No,22,1,50000,60000,FALSE,Colombo,FALSE,1,9,TRUE,4,5,FALSE,1,
E00267,FGDJOGG,Production Assistent,Desinger,TRUE,1997,18,Yes,33,0,45000,54000,TRUE,Colombo,TRUE,0,8,FALSE,5,6,TRUE,5,
E00268,HFSTHHWZWBY,Border,Border,FALSE,2003,12,No,32,0,15000,18000,TRUE,Galle,FALSE,0,10,FALSE,4,19,FALSE,4,
E00269,SWYHAGPGVOUU,Cutter,Cutter,FALSE,2009,6,No,32,1,150000,180000,FALSE,Gampaha,TRUE,0,9,TRUE,4,11,FALSE,1,
E00270,VJIPEFCTB,Production Assistent,Desinger,TRUE,2004,11,Yes,38,0,45000,54000,TRUE,Colombo,FALSE,0,8,FALSE,2,9,FALSE,3,
E00271,GVZNL,Desinger,Desinger,FALSE,2005,10,Yes,50,1,30000,36000,TRUE,Gampaha,TRUE,1,9,TRUE,5,8,FALSE,4,
E00272,PKJPOWUZ,Production Assistent,Checking,TRUE,2007,8,No,41,1,45000,54000,FALSE,Galle,FALSE,0,8,TRUE,1,16,FALSE,3,
E00273,AJHHFCYPVJ,Mechanics,Mechanics,FALSE,1999,16,No,26,0,30000,36000,TRUE,Jaffna,TRUE,0,10,TRUE,5,3,TRUE,5,
E00274,GDDOWEWEDYJF,Desinger,Desinger,FALSE,2002,13,Yes,33,1,30000,36000,FALSE,Galle,FALSE,1,9,FALSE,3,16,FALSE,2,
E00275,XKRVPA,Production Assistent,Checking,TRUE,1996,19,No,23,0,45000,54000,TRUE,Gampaha,FALSE,0,8,TRUE,4,8,TRUE,4,
E00276,XUMQQYITE,Production Assistent,Screen Printer,TRUE,2004,11,No,42,0,45000,54000,TRUE,Gampaha,TRUE,0,9,TRUE,3,6,TRUE,3,
E00277,TXEBMFKODPZNRV,Production Assistent,Screen Printer,TRUE,2001,14,No,24,0,45000,54000,TRUE,Galle,FALSE,0,10,FALSE,2,12,FALSE,1,
E00278,ITMXQIQJ,Production Supervisor,Production Supervisor,FALSE,2005,10,Yes,23,0,50000,60000,FALSE,Gampaha,FALSE,1,10,TRUE,1,16,TRUE,1,
E00279,AHFTZPCERW,Machine oparator,Packing,TRUE,2010,5,No,24,1,20000,24000,FALSE,Jaffna,TRUE,0,8,FALSE,2,7,TRUE,4,
E00280,SPGMJSY,Production Supervisor,Production Supervisor,FALSE,2002,13,Yes,29,1,50000,60000,FALSE,Matara,FALSE,1,10,FALSE,3,17,FALSE,2,
E00281,XTQNOZNIX,Machine oparator,Checking,TRUE,2002,13,No,38,0,20000,24000,TRUE,Matara,FALSE,0,9,FALSE,2,3,TRUE,5,
E00282,BZCCOBYEPIN,Machine oparator,no,FALSE,2011,4,No,23,0,20000,24000,FALSE,Colombo,FALSE,0,9,TRUE,4,20,FALSE,3,
E00283,SUIFPIBRJ,Production Supervisor,Production Supervisor,FALSE,2010,5,Yes,29,0,50000,60000,FALSE,Jaffna,FALSE,0,10,FALSE,5,0,TRUE,3,
E00284,HDLAZBBYVTE,Machine oparator,Machine oparator,TRUE,2003,12,No,47,0,20000,24000,FALSE,Galle,FALSE,0,10,TRUE,4,17,FALSE,5,
E00285,RQWWASAAMKXG,Machine oparator,no,FALSE,2011,4,No,49,1,20000,24000,TRUE,Matara,TRUE,0,9,FALSE,2,4,FALSE,1,
E00286,ZXBZFFO,Machine oparator,Cutter,TRUE,2003,12,No,43,1,20000,24000,TRUE,Colombo,FALSE,1,9,TRUE,4,9,FALSE,1,
E00287,XLLYQXHHKCKZL,Production Manager,Production Supervisor,TRUE,2003,12,Yes,31,0,75000,90000,TRUE,Gampaha,FALSE,1,9,TRUE,2,5,TRUE,1,
E00288,VJTRXT,Production Supervisor,no,FALSE,2014,1,Yes,44,1,50000,60000,TRUE,Matara,FALSE,1,9,FALSE,5,4,FALSE,1,
E00289,OHIHVNXMOH,Production Assistent,Production Assistent,FALSE,2006,9,No,40,0,45000,54000,FALSE,Galle,FALSE,0,8,TRUE,2,2,FALSE,1,
E00290,MXFOQYD,Production Assistent,Mechanics,TRUE,2006,9,No,21,0,45000,54000,TRUE,Galle,FALSE,0,8,TRUE,4,2,TRUE,2,
E00291,WYTGWSB,Production Assistent,Production Assistent,FALSE,2006,9,Yes,43,0,45000,54000,FALSE,Colombo,FALSE,0,8,FALSE,1,9,FALSE,1,
E00292,ZRRYFCYMXUEB,Screen Printer,Screen Printer,FALSE,2008,7,No,46,1,20000,24000,TRUE,Colombo,TRUE,0,9,FALSE,5,16,FALSE,1,
E00293,AGBDBZZAW,Production Assistent,Desinger,TRUE,2010,5,Yes,20,1,45000,54000,FALSE,Matara,FALSE,0,8,FALSE,5,1,FALSE,5,
E00294,JOATESHI,Production Assistent,Desinger,TRUE,2010,5,Yes,23,0,45000,54000,FALSE,Matara,FALSE,0,8,FALSE,1,3,FALSE,5,
E00295,XFYXNITIEFDFF,Production Assistent,no,FALSE,2014,1,Yes,49,0,45000,54000,FALSE,Colombo,TRUE,0,9,TRUE,2,9,TRUE,3,
E00296,JMVAS,Production Assistent,Border,TRUE,2010,5,No,30,0,45000,54000,TRUE,Matara,FALSE,0,8,FALSE,5,3,TRUE,2,
E00297,YJJYB,Production Assistent,Production Assistent,FALSE,2006,9,Yes,49,0,45000,54000,FALSE,Matara,FALSE,0,10,FALSE,3,18,TRUE,2,
E00298,DPCWRPEFKK,Production Assistent,Border,TRUE,2009,6,No,36,0,45000,54000,TRUE,Colombo,FALSE,0,9,TRUE,5,16,FALSE,2,
E00299,QXUXBESS,Machine oparator,Packing,TRUE,2001,14,No,47,0,20000,24000,TRUE,Galle,FALSE,1,10,FALSE,2,5,TRUE,2,
E00300,NYTIKL,Production Assistent,Border,TRUE,2009,6,No,32,0,45000,54000,FALSE,Galle,FALSE,0,8,TRUE,5,0,FALSE,5,
E00301,GUPQUIMXJJD,Production Manager,no,FALSE,2015,0,Yes,38,0,75000,90000,FALSE,Gampaha,TRUE,0,9,TRUE,1,2,FALSE,4,
E00302,NXZUUQREBG,Production Assistent,no,FALSE,2011,4,No,44,1,45000,54000,FALSE,Matara,TRUE,0,10,FALSE,2,16,TRUE,2,
E00303,RUOPSPDDIZG,Production Supervisor,no,FALSE,2013,2,Yes,37,0,50000,60000,FALSE,Galle,FALSE,0,9,FALSE,1,5,TRUE,1,
E00304,FLTHFPZHRGGHT,Checking,Checking,FALSE,2007,8,No,50,0,15000,18000,FALSE,Gampaha,FALSE,0,8,FALSE,3,2,TRUE,2,
E00305,FQCLHKFGB,Production Manager,no,FALSE,2013,2,No,36,0,75000,90000,TRUE,Galle,TRUE,0,8,FALSE,2,8,TRUE,2,
E00306,LEHPMF,Machine oparator,Border,TRUE,1996,19,No,31,0,20000,24000,TRUE,Gampaha,FALSE,0,10,FALSE,4,7,FALSE,1,
E00307,PDVURKHC,Production Assistent,Packing,TRUE,2008,7,No,35,0,45000,54000,FALSE,Colombo,TRUE,0,8,TRUE,1,3,FALSE,5,
E00308,RRLGFFNO,Cutter,Cutter,FALSE,2002,13,No,36,0,150000,180000,FALSE,Colombo,TRUE,1,8,TRUE,3,17,FALSE,2,
E00309,SLEPNKCBVO,Production Supervisor,Production Supervisor,FALSE,2006,9,Yes,36,1,50000,60000,TRUE,Gampaha,FALSE,1,9,FALSE,2,1,TRUE,3,
E00310,QFJRVYYVK,Production Assistent,Production Assistent,FALSE,2002,13,No,21,0,45000,54000,FALSE,Gampaha,FALSE,0,8,FALSE,2,20,FALSE,2,
E00311,EDTOHT,Production Assistent,Iron,TRUE,2007,8,No,38,1,45000,54000,TRUE,Jaffna,TRUE,1,9,FALSE,1,18,FALSE,2,
E00312,MXJVHJ,Production Assistent,no,FALSE,2013,2,No,45,0,45000,54000,TRUE,Gampaha,FALSE,0,9,TRUE,4,5,TRUE,4,
E00313,YHHVNZZBOZ,Packing,Packing,FALSE,1996,19,No,26,1,15000,18000,TRUE,Jaffna,FALSE,0,9,TRUE,4,6,FALSE,2,
E00314,SGTKJPDFPIX,Production Assistent,Production Assistent,FALSE,2009,6,No,29,1,45000,54000,FALSE,Colombo,TRUE,0,8,TRUE,5,20,TRUE,3,
E00315,SRLZUWZLUQI,Production Supervisor,Production Assistent,TRUE,2001,14,Yes,43,0,50000,60000,TRUE,Matara,FALSE,0,8,TRUE,1,14,TRUE,2,
E00316,BZCAWJ,Production Supervisor,no,FALSE,2015,0,Yes,27,0,50000,60000,TRUE,Matara,TRUE,0,8,TRUE,4,3,TRUE,3,
E00317,GFXUEVVVM,Screen Printer,Screen Printer,FALSE,2000,15,No,35,0,20000,24000,TRUE,Jaffna,FALSE,0,8,FALSE,2,4,FALSE,2,
E00318,XMWEGBORE,Desinger,Desinger,FALSE,2008,7,Yes,34,0,30000,36000,TRUE,Gampaha,FALSE,0,10,FALSE,4,9,FALSE,5,
E00319,DASMLCX,Cutter,Cutter,FALSE,2006,9,No,48,0,150000,180000,FALSE,Gampaha,TRUE,0,9,FALSE,2,7,TRUE,2,
E00320,YHMGP,Machine oparator,Packing,TRUE,2009,6,No,23,0,20000,24000,TRUE,Matara,TRUE,0,9,FALSE,1,0,TRUE,5,
E00321,XGIBWJEP,Production Supervisor,Production Supervisor,FALSE,2006,9,Yes,44,0,50000,60000,FALSE,Colombo,FALSE,0,9,FALSE,3,18,FALSE,4,
E00322,JLJOIFIWU,Production Manager,Production Supervisor,TRUE,2003,12,Yes,28,1,75000,90000,TRUE,Galle,TRUE,1,10,TRUE,2,4,TRUE,2,
E00323,RXMITIBBC,Production Supervisor,Production Supervisor,FALSE,2002,13,Yes,21,0,50000,60000,FALSE,Galle,FALSE,1,10,TRUE,3,17,FALSE,3,
E00324,WYAHQVDOSOA,Desinger,Desinger,FALSE,1998,17,Yes,45,0,30000,36000,TRUE,Gampaha,FALSE,1,8,TRUE,5,3,TRUE,5,
E00325,MZTMZMQZ,Mechanics,Mechanics,FALSE,1997,18,No,34,0,30000,36000,FALSE,Jaffna,TRUE,0,8,TRUE,3,1,TRUE,3,
E00326,RADRPTTNYQZBZ,Mechanics,Mechanics,FALSE,2010,5,No,39,0,30000,36000,FALSE,Jaffna,FALSE,0,10,FALSE,4,4,TRUE,1,
E00327,HHRYX,Production Manager,no,FALSE,2011,4,Yes,28,0,75000,90000,FALSE,Colombo,TRUE,0,9,FALSE,3,0,FALSE,1,
E00328,HTPAZXEJAPE,Production Manager,Production Manager,FALSE,2001,14,No,46,1,75000,90000,TRUE,Matara,TRUE,0,9,TRUE,4,2,FALSE,3,
E00329,XBHGFZRLWMWC,Production Assistent,Desinger,TRUE,2002,13,Yes,22,0,45000,54000,TRUE,Matara,FALSE,1,9,TRUE,1,8,FALSE,4,
E00330,KSLDTCL,Production Supervisor,Production Supervisor,FALSE,2007,8,Yes,50,1,50000,60000,FALSE,Gampaha,FALSE,0,8,FALSE,3,14,TRUE,5,
E00331,BHDUSJQAITNRSAG,Production Manager,no,FALSE,2015,0,No,39,0,75000,90000,FALSE,Gampaha,FALSE,0,8,FALSE,4,1,TRUE,5,
E00332,YVXDKBJLAM,Packing,Packing,FALSE,2004,11,No,32,0,15000,18000,TRUE,Jaffna,FALSE,1,10,TRUE,4,19,TRUE,4,
E00333,OAOETIRN,Production Manager,Production Supervisor,TRUE,1996,19,No,44,0,75000,90000,TRUE,Gampaha,FALSE,0,8,TRUE,5,7,FALSE,2,
E00334,PWLAQ,Machine oparator,Iron,TRUE,2000,15,No,35,0,20000,24000,FALSE,Galle,TRUE,1,10,FALSE,2,5,TRUE,1,
E00335,XFCWEQFD,Production Assistent,Packing,TRUE,1998,17,No,36,0,45000,54000,TRUE,Galle,FALSE,0,10,FALSE,3,9,FALSE,5,
E00336,LTMFPQDE,Production Manager,Production Supervisor,TRUE,2010,5,No,24,0,75000,90000,TRUE,Matara,TRUE,0,9,FALSE,3,6,TRUE,3,
E00337,WRMGWBUQS,Machine oparator,Border,TRUE,2003,12,No,20,0,20000,24000,FALSE,Matara,TRUE,0,8,FALSE,2,3,FALSE,5,
E00338,DUQAJ,Mechanics,Mechanics,FALSE,2004,11,No,20,0,30000,36000,TRUE,Jaffna,FALSE,0,10,TRUE,5,9,TRUE,5,
E00339,QCLKKGGFHI,Checking,Checking,FALSE,2007,8,No,43,0,15000,18000,TRUE,Colombo,TRUE,0,9,TRUE,5,15,TRUE,1,
E00340,CMJSNI,Production Manager,Production Supervisor,TRUE,2001,14,Yes,50,1,75000,90000,TRUE,Matara,TRUE,0,9,TRUE,2,13,FALSE,2,
E00341,JIKXYLY,Desinger,Desinger,FALSE,2003,12,Yes,42,0,30000,36000,TRUE,Galle,TRUE,0,10,FALSE,5,1,TRUE,1,
E00342,CXQQZIFVH,Production Supervisor,Production Assistent,TRUE,2002,13,Yes,49,0,50000,60000,FALSE,Gampaha,TRUE,0,10,TRUE,2,11,FALSE,4,
E00343,DRVDESTWB,Production Assistent,Iron,TRUE,2009,6,No,21,0,45000,54000,FALSE,Colombo,FALSE,1,10,TRUE,4,13,TRUE,2,
E00344,ZUESZNGNKG,Production Supervisor,no,FALSE,2012,3,Yes,35,0,50000,60000,TRUE,Colombo,TRUE,0,10,TRUE,1,16,FALSE,5,
E00345,QAUNPNPQ,Machine oparator,Cutter,TRUE,2009,6,No,26,0,20000,24000,TRUE,Jaffna,TRUE,0,8,FALSE,2,3,TRUE,4,
E00346,YJNGG,Production Assistent,Screen Printer,TRUE,2006,9,No,39,0,45000,54000,FALSE,Matara,FALSE,0,10,FALSE,2,10,FALSE,4,
E00347,DXTTKYLRF,Production Assistent,Desinger,TRUE,2006,9,Yes,29,0,45000,54000,TRUE,Colombo,FALSE,1,8,FALSE,3,9,FALSE,4,
E00348,AQTBHXLCDJ,Machine oparator,Machine oparator,TRUE,2002,13,No,30,0,20000,24000,FALSE,Galle,TRUE,0,9,FALSE,4,20,TRUE,1,
E00349,CJFXWVMK,Mechanics,no,FALSE,2012,3,No,48,1,30000,36000,TRUE,Gampaha,FALSE,0,10,FALSE,1,15,TRUE,5,
E00350,IVNDQOMEGHJL,Machine oparator,Machine oparator,TRUE,1997,18,No,25,0,20000,24000,TRUE,Galle,TRUE,1,9,TRUE,4,19,TRUE,4,
E00351,VLAZCYALS,Machine oparator,Iron,TRUE,2010,5,No,30,0,20000,24000,TRUE,Colombo,TRUE,0,8,TRUE,3,11,TRUE,4,
E00352,LPNBIPQ,Production Supervisor,no,FALSE,2014,1,No,35,0,50000,60000,TRUE,Matara,FALSE,0,9,TRUE,2,19,FALSE,1,
E00353,DGCITQ,Mechanics,no,FALSE,2011,4,No,40,1,30000,36000,TRUE,Colombo,TRUE,0,9,TRUE,5,13,TRUE,2,
E00354,SGNHICUQ,Production Assistent,Production Assistent,FALSE,2006,9,No,43,0,45000,54000,TRUE,Galle,FALSE,0,10,TRUE,4,14,FALSE,1,
E00355,BURRHQ,Machine oparator,Border,TRUE,1997,18,No,41,1,20000,24000,FALSE,Galle,TRUE,1,8,FALSE,1,4,TRUE,5,
E00356,OOYQJFEGSC,Desinger,Desinger,FALSE,1996,19,Yes,39,1,30000,36000,TRUE,Jaffna,TRUE,0,10,TRUE,3,1,TRUE,3,
E00357,VIEITPS,Machine oparator,no,FALSE,2011,4,No,43,1,20000,24000,FALSE,Gampaha,TRUE,1,8,FALSE,1,10,TRUE,3,
E00358,SNGSKIZZVX,Machine oparator,no,FALSE,2012,3,No,37,0,20000,24000,TRUE,Jaffna,TRUE,1,10,FALSE,4,16,FALSE,4,
E00359,VSRNEAOF,Iron,Iron,FALSE,1999,16,No,25,0,15000,18000,FALSE,Gampaha,TRUE,0,10,FALSE,3,11,FALSE,1,
E00360,IGBKQCMQOLDV,Production Assistent,Desinger,TRUE,2005,10,Yes,29,0,45000,54000,FALSE,Gampaha,TRUE,1,8,TRUE,2,7,TRUE,1,
E00361,EYPTCPXUCG,Production Manager,Production Manager,FALSE,2009,6,Yes,20,0,75000,90000,FALSE,Matara,TRUE,1,9,FALSE,1,1,FALSE,1,
E00362,LMQYYBQHOWZ,Machine oparator,Iron,TRUE,1996,19,No,44,1,20000,24000,TRUE,Gampaha,FALSE,1,8,TRUE,2,20,FALSE,1,
E00363,XTJGGGONGTU,Production Assistent,Border,TRUE,1999,16,No,45,0,45000,54000,FALSE,Matara,TRUE,1,10,FALSE,1,0,TRUE,2,
E00364,IMJGWCDRKJV,Production Assistent,Checking,TRUE,2008,7,No,42,0,45000,54000,TRUE,Colombo,TRUE,0,8,FALSE,3,8,FALSE,1,
E00365,ZGHSOSSZLHN,Machine oparator,no,FALSE,2014,1,No,41,0,20000,24000,TRUE,Gampaha,FALSE,0,8,FALSE,5,15,TRUE,1,
E00366,GAWATHRYD,Production Supervisor,Production Assistent,TRUE,2001,14,No,43,0,50000,60000,FALSE,Gampaha,FALSE,0,10,TRUE,3,5,TRUE,1,
E00367,MVMHA,Production Assistent,Packing,TRUE,2008,7,No,27,1,45000,54000,TRUE,Colombo,TRUE,1,10,TRUE,2,8,TRUE,4,
E00368,LMHPJEOITP,Production Assistent,Border,TRUE,2009,6,No,21,0,45000,54000,FALSE,Gampaha,FALSE,1,9,TRUE,3,7,TRUE,4,
E00369,NCRRRCFAJ,Border,no,FALSE,2012,3,No,45,1,15000,18000,FALSE,Gampaha,TRUE,0,8,FALSE,3,20,FALSE,5,
E00370,MUIBXMXQT,Machine oparator,Checking,TRUE,1997,18,No,37,0,20000,24000,TRUE,Galle,FALSE,0,8,FALSE,5,6,TRUE,1,
E00371,XODEAWXSRZQ,Production Manager,Production Supervisor,TRUE,2002,13,Yes,21,0,75000,90000,FALSE,Matara,FALSE,0,8,TRUE,2,2,FALSE,5,
E00372,KFSNUKRDDEP,Production Supervisor,Production Assistent,TRUE,2004,11,Yes,45,0,50000,60000,FALSE,Jaffna,TRUE,1,10,FALSE,5,19,FALSE,2,
E00373,SIDPZZGO,Production Assistent,Desinger,TRUE,2000,15,Yes,41,1,45000,54000,FALSE,Gampaha,TRUE,0,8,TRUE,4,8,FALSE,1,
E00374,QGMUZJDQSQ,Mechanics,Mechanics,FALSE,2004,11,No,30,1,30000,36000,FALSE,Galle,FALSE,0,10,FALSE,4,11,TRUE,1,
E00375,KUIDZUJJEQL,Production Manager,Production Manager,FALSE,2006,9,Yes,32,1,75000,90000,FALSE,Galle,TRUE,0,10,TRUE,5,6,TRUE,1,
E00376,GJBVYDMJBHZR,Border,Border,FALSE,2003,12,No,28,1,15000,18000,TRUE,Jaffna,TRUE,0,10,TRUE,5,9,TRUE,1,
E00377,JKALM,Production Supervisor,no,FALSE,2011,4,Yes,26,0,50000,60000,TRUE,Matara,TRUE,0,10,TRUE,3,8,FALSE,2,
E00378,ULIUAOM,Production Assistent,Mechanics,TRUE,2009,6,No,28,0,45000,54000,TRUE,Gampaha,FALSE,0,10,TRUE,4,20,FALSE,3,
E00379,WBWSTODT,Production Supervisor,Production Supervisor,FALSE,2001,14,Yes,27,1,50000,60000,FALSE,Jaffna,FALSE,1,10,FALSE,1,0,FALSE,5,
E00380,UFIFSTSRRWXW,Production Assistent,no,FALSE,2012,3,Yes,32,1,45000,54000,TRUE,Galle,TRUE,1,8,TRUE,2,18,TRUE,3,
E00381,DRSNSF,Production Assistent,Checking,TRUE,1999,16,No,44,0,45000,54000,TRUE,Colombo,TRUE,0,8,FALSE,2,10,TRUE,5,
E00382,GFZTEAFRYNO,Machine oparator,Checking,TRUE,1996,19,No,50,0,20000,24000,FALSE,Matara,TRUE,0,8,FALSE,4,6,TRUE,1,
E00383,EQWUYMFSZTT,Production Manager,no,FALSE,2014,1,Yes,20,0,75000,90000,FALSE,Jaffna,FALSE,0,10,FALSE,2,14,TRUE,2,
E00384,IMEGNDNORM,Machine oparator,Cutter,TRUE,2004,11,No,20,0,20000,24000,TRUE,Gampaha,FALSE,0,8,FALSE,1,19,FALSE,2,
E00385,UHWMLZRQLC,Production Assistent,Packing,TRUE,2010,5,No,24,0,45000,54000,TRUE,Colombo,TRUE,0,10,TRUE,4,8,TRUE,1,
E00386,TOLEAUWBQVQJ,Production Assistent,Checking,TRUE,1996,19,No,36,1,45000,54000,FALSE,Galle,TRUE,0,9,TRUE,2,11,FALSE,1,
E00387,OCXACYCLB,Production Assistent,Production Assistent,FALSE,2001,14,Yes,35,0,45000,54000,FALSE,Galle,TRUE,0,9,FALSE,3,16,TRUE,3,
E00388,VBVQTOOG,Machine oparator,Screen Printer,TRUE,2001,14,No,25,0,20000,24000,FALSE,Matara,FALSE,0,9,FALSE,2,12,FALSE,3,
E00389,VPQPUDLI,Border,Border,FALSE,2004,11,No,46,1,15000,18000,TRUE,Gampaha,TRUE,0,8,TRUE,2,4,TRUE,4,
E00390,SCHIOIQKPGV,Production Manager,Production Manager,FALSE,2000,15,No,45,0,75000,90000,TRUE,Colombo,FALSE,0,9,FALSE,4,1,FALSE,5,
E00391,TMTSUBCHKT,Border,no,FALSE,2015,0,No,26,0,15000,18000,TRUE,Gampaha,TRUE,1,10,TRUE,2,3,FALSE,3,
E00392,IHAGZUUI,Production Assistent,Mechanics,TRUE,1998,17,No,46,1,45000,54000,TRUE,Colombo,FALSE,0,10,FALSE,1,0,TRUE,2,
E00393,RFESUSN,Screen Printer,no,FALSE,2011,4,No,21,0,20000,24000,TRUE,Matara,TRUE,0,10,TRUE,2,12,TRUE,3,
E00394,CUPXDNSA,Production Assistent,Production Assistent,FALSE,2005,10,Yes,39,1,45000,54000,FALSE,Colombo,TRUE,0,8,FALSE,1,0,FALSE,4,
E00395,UAAPFES,Production Supervisor,Production Assistent,TRUE,2007,8,Yes,41,1,50000,60000,TRUE,Jaffna,TRUE,0,10,TRUE,1,8,TRUE,5,
E00396,UOKGBEH,Iron,no,FALSE,2011,4,No,49,0,15000,18000,TRUE,Gampaha,TRUE,1,8,FALSE,3,6,TRUE,4,
E00397,BHSBWT,Production Supervisor,Production Assistent,TRUE,2009,6,No,49,1,50000,60000,FALSE,Matara,FALSE,0,9,TRUE,1,10,TRUE,1,
E00398,KILXBAXMI,Production Supervisor,Production Supervisor,FALSE,2006,9,Yes,20,0,50000,60000,FALSE,Matara,FALSE,1,10,FALSE,2,7,TRUE,4,
E00399,HQDRQPB,Production Assistent,Desinger,TRUE,1998,17,Yes,30,0,45000,54000,FALSE,Jaffna,FALSE,1,9,FALSE,1,0,TRUE,5,
E00400,RIIZCC,Machine oparator,no,FALSE,2013,2,No,27,0,20000,24000,FALSE,Galle,FALSE,0,10,FALSE,5,5,TRUE,1,
E00401,JYEACUG,Desinger,no,FALSE,2012,3,Yes,41,0,30000,36000,FALSE,Matara,TRUE,0,10,TRUE,4,10,TRUE,5,
E00402,JXNGO,Border,no,FALSE,2014,1,No,23,0,15000,18000,FALSE,Matara,TRUE,0,8,TRUE,3,19,TRUE,3,
E00403,FGBUCEBSUZT,Production Manager,Production Manager,FALSE,2004,11,Yes,42,0,75000,90000,FALSE,Colombo,TRUE,0,10,FALSE,5,18,TRUE,2,
E00404,UZJKZB,Production Manager,Production Manager,FALSE,2002,13,No,42,1,75000,90000,TRUE,Gampaha,TRUE,0,9,TRUE,2,18,FALSE,1,
E00405,QEXBYAPNVCOOF,Production Supervisor,Production Supervisor,FALSE,2002,13,Yes,28,1,50000,60000,TRUE,Colombo,TRUE,0,10,FALSE,2,16,TRUE,2,
E00406,YNKSBLPBE,Production Assistent,no,FALSE,2012,3,No,45,0,45000,54000,FALSE,Galle,FALSE,0,9,TRUE,2,13,TRUE,5,
E00407,ZSHKMAXC,Production Assistent,Packing,TRUE,2009,6,No,45,1,45000,54000,TRUE,Galle,TRUE,0,8,FALSE,3,16,TRUE,2,
E00408,NJHYGNFH,Production Assistent,Machine oparator,TRUE,2000,15,No,26,0,45000,54000,FALSE,Colombo,TRUE,1,8,FALSE,1,11,FALSE,5,
E00409,RLMXSHJN,Iron,Iron,FALSE,1999,16,No,26,0,15000,18000,TRUE,Jaffna,TRUE,0,10,TRUE,1,10,TRUE,2,
E00410,SNPIVL,Machine oparator,no,FALSE,2014,1,No,39,0,20000,24000,TRUE,Matara,FALSE,0,8,FALSE,5,8,FALSE,5,
E00411,AMFGYB,Machine oparator,no,FALSE,2013,2,No,24,0,20000,24000,TRUE,Gampaha,FALSE,0,10,TRUE,2,17,FALSE,4,
E00412,DSSBIN,Production Supervisor,no,FALSE,2014,1,Yes,45,0,50000,60000,FALSE,Colombo,TRUE,1,9,FALSE,2,12,TRUE,4,
E00413,ZBQPUQAD,Production Manager,Production Supervisor,TRUE,1997,18,No,34,1,75000,90000,FALSE,Jaffna,FALSE,0,9,FALSE,1,20,TRUE,4,
E00414,ZJTDGEREEOY,Machine oparator,Screen Printer,TRUE,1998,17,No,42,0,20000,24000,FALSE,Gampaha,TRUE,1,9,FALSE,5,7,FALSE,5,
E00415,HHPKJZUGG,Cutter,no,FALSE,2012,3,No,23,0,150000,180000,FALSE,Galle,FALSE,1,10,TRUE,2,10,FALSE,2,
E00416,ATWNVCGXE,Production Assistent,Mechanics,TRUE,2009,6,No,43,1,45000,54000,FALSE,Jaffna,FALSE,0,9,FALSE,5,2,FALSE,1,
E00417,UNYEME,Production Manager,Production Manager,FALSE,1999,16,No,21,0,75000,90000,TRUE,Gampaha,TRUE,0,8,TRUE,5,20,TRUE,2,
E00418,ZLGBOYO,Production Supervisor,Production Assistent,TRUE,2006,9,Yes,26,0,50000,60000,FALSE,Matara,FALSE,0,9,TRUE,5,2,TRUE,2,
E00419,BEJYBPFN,Mechanics,no,FALSE,2015,0,No,26,1,30000,36000,FALSE,Galle,FALSE,1,10,TRUE,3,8,TRUE,4,
E00420,LTSTYTTVLIA,Production Assistent,no,FALSE,2014,1,No,43,0,45000,54000,FALSE,Galle,TRUE,0,9,TRUE,1,9,FALSE,3,
E00421,OMQTBAWD,Production Assistent,no,FALSE,2015,0,No,23,1,45000,54000,TRUE,Jaffna,TRUE,0,9,FALSE,4,8,FALSE,4,
E00422,VNKKYF,Cutter,Cutter,FALSE,1999,16,No,36,1,150000,180000,FALSE,Colombo,FALSE,0,8,FALSE,3,16,FALSE,4,
E00423,OGDJUUPH,Production Assistent,Production Assistent,FALSE,2000,15,No,32,0,45000,54000,FALSE,Colombo,TRUE,1,9,FALSE,1,2,FALSE,2,
E00424,TMCGWHIKRQNKT,Machine oparator,no,FALSE,2014,1,No,33,1,20000,24000,FALSE,Galle,TRUE,1,10,TRUE,1,16,TRUE,5,
E00425,MDWQNUHD,Production Manager,Production Supervisor,TRUE,2007,8,No,31,1,75000,90000,TRUE,Colombo,TRUE,0,9,TRUE,4,7,TRUE,4,
E00426,NLRUZWYBCPZL,Production Assistent,Machine oparator,TRUE,2000,15,No,48,0,45000,54000,TRUE,Galle,FALSE,0,10,FALSE,3,16,FALSE,1,
E00427,IOADGTX,Production Assistent,Iron,TRUE,1997,18,No,26,0,45000,54000,TRUE,Galle,TRUE,1,9,TRUE,1,12,TRUE,2,
E00428,UYXJD,Production Assistent,Screen Printer,TRUE,2005,10,No,48,1,45000,54000,TRUE,Galle,TRUE,1,9,TRUE,2,12,TRUE,4,
E00429,QURRVWXVP,Desinger,Desinger,FALSE,2004,11,Yes,48,0,30000,36000,FALSE,Colombo,FALSE,1,10,TRUE,1,20,FALSE,4,
E00430,TCMCBRPYF,Production Manager,Production Supervisor,TRUE,2007,8,Yes,24,0,75000,90000,FALSE,Jaffna,FALSE,0,8,TRUE,3,0,FALSE,2,
E00431,WETBRSDSDUCL,Production Assistent,Desinger,TRUE,1998,17,Yes,26,0,45000,54000,FALSE,Matara,FALSE,0,10,TRUE,2,1,FALSE,3,
E00432,ZWBZKNS,Production Assistent,Checking,TRUE,2001,14,No,46,0,45000,54000,TRUE,Galle,TRUE,0,8,FALSE,3,0,FALSE,2,
E00433,LCUFKUF,Production Manager,Production Manager,FALSE,2003,12,No,32,1,75000,90000,FALSE,Gampaha,TRUE,0,8,TRUE,3,9,FALSE,4,
E00434,MYGNZQC,Packing,Packing,FALSE,1999,16,No,40,0,15000,18000,FALSE,Matara,TRUE,1,8,FALSE,5,1,TRUE,3,
E00435,AOXKFKAB,Machine oparator,Iron,TRUE,2009,6,No,40,1,20000,24000,TRUE,Jaffna,FALSE,1,10,TRUE,3,6,FALSE,5,
E00436,YVAUDLTJCC,Production Supervisor,no,FALSE,2011,4,No,30,1,50000,60000,TRUE,Matara,FALSE,0,10,TRUE,1,15,TRUE,2,
E00437,AESHVHESUNDQCCN,Machine oparator,no,FALSE,2015,0,No,27,1,20000,24000,FALSE,Galle,TRUE,0,8,FALSE,1,15,FALSE,2,
E00438,XUXFIWNW,Production Manager,Production Supervisor,TRUE,1999,16,No,48,0,75000,90000,FALSE,Gampaha,TRUE,0,10,TRUE,2,11,FALSE,5,
E00439,UCVPIXLSL,Production Supervisor,Production Supervisor,FALSE,2000,15,Yes,33,0,50000,60000,TRUE,Colombo,TRUE,0,10,TRUE,1,8,FALSE,3,
E00440,BZDCCS,Production Assistent,Production Assistent,FALSE,2004,11,Yes,28,0,45000,54000,TRUE,Gampaha,FALSE,0,10,FALSE,3,19,FALSE,4,
E00441,KLHGZZOTL,Production Supervisor,Production Assistent,TRUE,1996,19,Yes,48,1,50000,60000,FALSE,Jaffna,TRUE,0,8,FALSE,4,17,FALSE,4,
E00442,JFKCGX,Machine oparator,Checking,TRUE,2006,9,No,25,0,20000,24000,FALSE,Galle,FALSE,0,10,FALSE,5,4,FALSE,1,
E00443,SRCPEJVUM,Production Supervisor,Production Assistent,TRUE,2007,8,Yes,34,1,50000,60000,FALSE,Matara,FALSE,0,10,TRUE,1,6,TRUE,5,
E00444,URGBVF,Production Manager,Production Supervisor,TRUE,2002,13,No,50,0,75000,90000,FALSE,Gampaha,TRUE,0,8,FALSE,3,2,FALSE,3,
E00445,FSXISP,Production Supervisor,no,FALSE,2012,3,Yes,48,1,50000,60000,TRUE,Colombo,FALSE,0,9,FALSE,3,5,TRUE,1,
E00446,KHEJDGFCWMNNKV,Border,Border,FALSE,2001,14,No,31,1,15000,18000,TRUE,Jaffna,FALSE,0,10,FALSE,1,0,FALSE,5,
E00447,ZJZSXMMTYOZ,Production Assistent,no,FALSE,2012,3,Yes,23,0,45000,54000,FALSE,Colombo,FALSE,0,10,TRUE,5,14,FALSE,1,
E00448,GNJAZ,Production Assistent,Packing,TRUE,2009,6,No,30,0,45000,54000,FALSE,Galle,FALSE,0,9,TRUE,1,13,FALSE,4,
E00449,URZXFQL,Production Manager,no,FALSE,2013,2,Yes,35,1,75000,90000,FALSE,Matara,TRUE,0,9,FALSE,2,11,FALSE,5,
E00450,XRKUVJ,Production Manager,Production Supervisor,TRUE,2005,10,Yes,45,0,75000,90000,FALSE,Matara,FALSE,0,8,FALSE,5,7,TRUE,1,
E00451,EINOGRQO,Production Manager,Production Manager,FALSE,1998,17,Yes,27,0,75000,90000,TRUE,Matara,FALSE,0,9,TRUE,3,11,TRUE,4,
E00452,AIQECPQ,Checking,Checking,FALSE,2006,9,No,28,0,15000,18000,TRUE,Matara,TRUE,0,9,FALSE,4,16,FALSE,1,
E00453,YEBPFBTF,Production Assistent,Production Assistent,FALSE,2008,7,Yes,26,0,45000,54000,TRUE,Matara,FALSE,0,9,FALSE,4,8,TRUE,4,
E00454,XGNAZVPCYJ,Production Manager,no,FALSE,2015,0,Yes,49,1,75000,90000,TRUE,Jaffna,TRUE,0,10,TRUE,2,3,FALSE,1,
E00455,HFLCLYGKINYIIYRI,Machine oparator,Cutter,TRUE,2005,10,No,31,0,20000,24000,TRUE,Jaffna,FALSE,0,8,TRUE,4,10,FALSE,1,
E00456,IAUHEBZFEE,Iron,Iron,FALSE,2003,12,No,47,0,15000,18000,TRUE,Galle,FALSE,1,8,TRUE,1,17,FALSE,3,
E00457,QMKYZSDJADG,Production Assistent,Machine oparator,TRUE,2006,9,No,27,0,45000,54000,TRUE,Jaffna,TRUE,0,8,FALSE,3,7,FALSE,5,
E00458,JGNHYCXRPHUVB,Desinger,no,FALSE,2012,3,Yes,20,0,30000,36000,FALSE,Galle,FALSE,0,9,TRUE,5,15,FALSE,4,
E00459,ZKBFN,Production Supervisor,Production Supervisor,FALSE,1999,16,Yes,26,1,50000,60000,TRUE,Galle,TRUE,0,8,FALSE,1,14,TRUE,2,
E00460,BITOLG,Production Assistent,Production Assistent,FALSE,2002,13,No,36,1,45000,54000,FALSE,Jaffna,FALSE,0,9,FALSE,5,2,TRUE,1,
E00461,PXLLJOOQX,Machine oparator,Packing,TRUE,1998,17,No,21,1,20000,24000,FALSE,Galle,FALSE,1,8,FALSE,5,20,FALSE,3,
E00462,YMKGICUNEP,Machine oparator,Packing,TRUE,2004,11,No,42,1,20000,24000,TRUE,Galle,TRUE,0,8,FALSE,1,12,TRUE,5,
E00463,ASPJBLGVMV,Production Manager,Production Supervisor,TRUE,1998,17,No,44,1,75000,90000,FALSE,Galle,TRUE,0,8,FALSE,5,8,TRUE,2,
E00464,UCOMQLKF,Production Assistent,Mechanics,TRUE,1998,17,No,42,0,45000,54000,TRUE,Jaffna,TRUE,0,9,FALSE,2,6,FALSE,1,
E00465,TIROQOG,Machine oparator,no,FALSE,2015,0,No,40,0,20000,24000,TRUE,Jaffna,TRUE,0,9,FALSE,1,17,TRUE,1,
E00466,MOAIKST,Desinger,Desinger,FALSE,2003,12,Yes,26,0,30000,36000,FALSE,Matara,TRUE,1,9,TRUE,4,11,FALSE,1,
E00467,DWBKGGOSB,Production Assistent,no,FALSE,2013,2,No,35,0,45000,54000,FALSE,Galle,FALSE,0,8,TRUE,2,11,FALSE,3,
E00468,INSGOZ,Machine oparator,no,FALSE,2011,4,No,22,1,20000,24000,FALSE,Colombo,TRUE,0,10,FALSE,5,3,TRUE,5,
E00469,PKIRBGRVDSEQN,Production Assistent,Screen Printer,TRUE,2004,11,No,39,0,45000,54000,TRUE,Galle,TRUE,1,10,TRUE,3,20,TRUE,3,
E00470,EULDGAOZV,Production Manager,Production Manager,FALSE,2004,11,Yes,25,0,75000,90000,FALSE,Gampaha,TRUE,0,10,TRUE,1,15,FALSE,1,
E00471,CZAJGRGE,Screen Printer,no,FALSE,2014,1,No,31,1,20000,24000,FALSE,Colombo,FALSE,0,9,TRUE,3,12,TRUE,5,
E00472,GAUGRIOQ,Production Assistent,Packing,TRUE,2000,15,No,26,0,45000,54000,TRUE,Gampaha,FALSE,0,10,FALSE,1,6,TRUE,4,
E00473,KDUQFN,Production Supervisor,Production Assistent,TRUE,1997,18,No,42,0,50000,60000,FALSE,Matara,TRUE,1,8,FALSE,1,6,FALSE,1,
E00474,CSUPYMKVSIDD,Production Supervisor,Production Supervisor,FALSE,2002,13,Yes,48,0,50000,60000,FALSE,Jaffna,FALSE,1,9,FALSE,1,9,FALSE,4,
E00475,JMFDDICM,Production Supervisor,Production Assistent,TRUE,1997,18,Yes,24,0,50000,60000,TRUE,Gampaha,TRUE,1,8,FALSE,5,13,TRUE,5,
E00476,GJYSGFQWOK,Production Manager,no,FALSE,2013,2,Yes,40,0,75000,90000,FALSE,Galle,TRUE,0,10,FALSE,5,7,FALSE,3,
E00477,UIVKIGLG,Production Assistent,no,FALSE,2011,4,Yes,40,0,45000,54000,FALSE,Colombo,TRUE,1,9,FALSE,3,20,TRUE,4,
E00478,MEHULL,Production Manager,Production Manager,FALSE,2001,14,Yes,42,0,75000,90000,FALSE,Matara,FALSE,0,10,FALSE,4,14,FALSE,1,
E00479,NKHAIIW,Machine oparator,Machine oparator,TRUE,2010,5,No,38,1,20000,24000,TRUE,Gampaha,FALSE,0,8,TRUE,1,4,TRUE,1,
E00480,IZIPJCE,Cutter,Cutter,FALSE,1999,16,No,38,0,150000,180000,TRUE,Galle,TRUE,0,9,TRUE,5,18,FALSE,3,
E00481,KSYKXQH,Production Manager,no,FALSE,2012,3,Yes,27,0,75000,90000,FALSE,Galle,TRUE,0,10,FALSE,2,4,TRUE,2,
E00482,QKHWYDWMQN,Production Assistent,no,FALSE,2012,3,No,46,0,45000,54000,TRUE,Gampaha,FALSE,0,8,FALSE,5,3,FALSE,3,
E00483,KUBBUJDDUJKC,Production Supervisor,Production Supervisor,FALSE,2006,9,Yes,29,0,50000,60000,TRUE,Jaffna,TRUE,1,10,FALSE,5,3,FALSE,2,
E00484,MBJQOJWE,Production Supervisor,Production Assistent,TRUE,2004,11,No,24,0,50000,60000,FALSE,Jaffna,TRUE,0,10,TRUE,5,8,TRUE,5,
E00485,CVXJWINE,Production Manager,no,FALSE,2013,2,No,36,1,75000,90000,TRUE,Galle,TRUE,1,8,TRUE,3,12,FALSE,4,
E00486,AMNJJJVT,Desinger,Desinger,FALSE,1999,16,Yes,32,0,30000,36000,FALSE,Matara,FALSE,0,10,TRUE,2,8,TRUE,5,
E00487,GYEKAXRV,Machine oparator,Cutter,TRUE,2001,14,No,49,0,20000,24000,TRUE,Gampaha,TRUE,0,9,TRUE,2,17,TRUE,4,
E00488,RRTLUGRZMSIWO,Machine oparator,Packing,TRUE,1998,17,No,32,0,20000,24000,FALSE,Galle,TRUE,0,9,TRUE,5,1,TRUE,4,
E00489,YJHZVQJL,Production Supervisor,Production Assistent,TRUE,2004,11,No,24,0,50000,60000,FALSE,Gampaha,FALSE,0,8,TRUE,5,16,FALSE,3,
E00490,VLRHSJA,Production Manager,Production Manager,FALSE,2010,5,No,39,0,75000,90000,FALSE,Gampaha,TRUE,0,10,TRUE,5,17,FALSE,2,
E00491,ILKHVL,Production Assistent,Machine oparator,TRUE,2003,12,No,37,0,45000,54000,TRUE,Matara,FALSE,0,8,TRUE,3,10,TRUE,3,
E00492,JFQKFJTHL,Production Assistent,no,FALSE,2012,3,Yes,46,1,45000,54000,FALSE,Galle,TRUE,1,9,FALSE,2,5,FALSE,1,
E00493,PSWTKVJSPJU,Production Supervisor,Production Assistent,TRUE,2008,7,Yes,48,0,50000,60000,TRUE,Matara,FALSE,0,10,TRUE,1,7,FALSE,1,
E00494,ALZFGWKDV,Production Assistent,Border,TRUE,2006,9,No,31,0,45000,54000,FALSE,Galle,FALSE,0,8,TRUE,4,20,FALSE,5,
E00495,NMWNHIOXHO,Machine oparator,no,FALSE,2015,0,No,37,0,20000,24000,TRUE,Colombo,TRUE,0,9,FALSE,5,6,TRUE,1,
E00496,EKNWHIY,Cutter,Cutter,FALSE,1996,19,No,47,0,150000,180000,TRUE,Colombo,TRUE,0,8,FALSE,1,16,TRUE,1,
E00497,PDPUNPW,Production Assistent,no,FALSE,2013,2,No,22,1,45000,54000,TRUE,Matara,TRUE,1,8,FALSE,2,19,FALSE,3,
E00498,NDAZM,Machine oparator,Checking,TRUE,2005,10,No,33,0,20000,24000,FALSE,Gampaha,TRUE,0,8,TRUE,5,16,FALSE,5,
E00499,SBEBYIQYI,Production Manager,Production Manager,FALSE,2001,14,Yes,48,0,75000,90000,FALSE,Gampaha,FALSE,1,8,TRUE,2,20,TRUE,1,
E00500,KMUAIDOSRS,Production Supervisor,Production Assistent,TRUE,1998,17,Yes,49,0,50000,60000,FALSE,Matara,FALSE,1,9,FALSE,2,11,FALSE,4,
